id,filename,downloadUrl,size,taskId,updated_at,created_at
91,Saulkrasti2025jauns (2).cdr,/uploads/Saulkrasti2025jauns__2_-29.09.25.cdr,16601965,167,2025-09-29T08:44:41.000Z,2025-09-29T06:58:38.000Z
92,RBL)  (1).pdf,/uploads/RBL____1_-29.09.25.pdf,20802,167,2025-09-29T08:44:41.000Z,2025-09-29T07:00:22.000Z
93,Formas 45+.xlsx,/uploads/Formas_45_-29.09.25.xlsx,10131,167,2025-09-29T08:44:41.000Z,2025-09-29T07:00:26.000Z
104,Isie treninterpi.pdf,/uploads/Isie_treninterpi-03.10.25.pdf,22823,262,2025-10-08T07:04:26.000Z,2025-10-03T08:30:10.000Z
106,3_Bernu T-krekli.cdr,/uploads/3_Bernu_T-krekli-03.10.25.cdr,3210218,262,2025-10-08T07:04:26.000Z,2025-10-03T08:35:38.000Z
107,HK TUKUMS T KREKLI UN SORTINI DRUKA.cdr,/uploads/HK_TUKUMS_T_KREKLI_UN_SORTINI_DRUKA-03.10.25.cdr,1552057,262,2025-10-08T07:04:26.000Z,2025-10-03T09:08:35.000Z
109,Cruisers U18 Boys Warmup tops.xlsx,/uploads/Cruisers_U18_Boys_Warmup_tops-07.10.25.xlsx,73569,272,2025-10-13T07:34:19.000Z,2025-10-07T13:23:41.000Z
110,Warmup U18 B 25_26 Real life WT lekals.pdf,/uploads/Warmup_U18_B_25_26_Real_life_WT_lekals-07.10.25.pdf,1372125,272,2025-10-13T07:34:19.000Z,2025-10-07T13:23:43.000Z
118,Training tops U18s Boys.pdf,/uploads/Training_tops_U18s_Boys-13.10.25.pdf,1586460,282,2025-12-03T09:46:32.000Z,2025-10-13T07:31:25.000Z
119,U18s Training Tops 2025.xlsx,/uploads/U18s_Training_Tops_2025-13.10.25.xlsx,52452,282,2025-12-03T09:46:32.000Z,2025-10-13T07:31:26.000Z
120,Additional U18 Warmups 2025.pdf,/uploads/Additional_U18_Warmups_2025-13.10.25.pdf,1377507,272,2025-10-13T07:34:19.000Z,2025-10-13T07:33:14.000Z
123,DWS vests-1 zwart.pdf,/uploads/DWS_vests-1_zwart-17.10.25.pdf,1410309,291,2026-02-09T13:45:09.000Z,2025-10-17T10:33:36.000Z
125,holandes jakas.cdr,/uploads/holandes_jakas-21.10.25.cdr,1758203,291,2026-02-09T13:45:09.000Z,2025-10-21T07:52:36.000Z
126,SIMPLE PRO VESTES.pdf,/uploads/SIMPLE_PRO_VESTES-21.10.25.pdf,1387566,291,2026-02-09T13:45:09.000Z,2025-10-21T08:35:44.000Z
147,fk bunkurs x8.cdr,/uploads/fk_bunkurs_x8-10.11.25.cdr,39892760,,2025-11-10T07:49:39.000Z,2025-11-10T07:49:39.000Z
150,Prezentacija.cdr,/uploads/Prezentacija-11.11.25.cdr,15653406,323,2025-11-11T18:49:59.000Z,2025-11-11T18:49:30.000Z
151,skillzone logo23.png,/uploads/skillzone_logo23-11.11.25.png,154328,323,2025-11-11T18:49:59.000Z,2025-11-11T18:49:30.000Z
152,social post 1 final.png,/uploads/social_post_1_final-11.11.25.png,6180216,323,2025-11-11T18:49:59.000Z,2025-11-11T18:49:30.000Z
153,social post 2.png,/uploads/social_post_2-11.11.25.png,5053252,323,2025-11-11T18:49:59.000Z,2025-11-11T18:49:31.000Z
154,social post 3.png,/uploads/social_post_3-11.11.25.png,8155219,323,2025-11-11T18:49:59.000Z,2025-11-11T18:49:32.000Z
161,Emīls (1).xlsx,/uploads/Em_ls__1_-27.11.25.xlsx,8841,340,2025-12-01T10:17:59.000Z,2025-11-27T13:06:25.000Z
163,CarpIzlaseLatvija (2).cdr,/uploads/CarpIzlaseLatvija__2_-01.12.25.cdr,16602618,,2025-12-01T10:17:22.000Z,2025-12-01T10:17:22.000Z
164,CarpIzlaseLatvija (2).cdr,/uploads/CarpIzlaseLatvija__2_-01.12.25.cdr,16602618,,2025-12-01T10:18:17.000Z,2025-12-01T10:18:17.000Z
165,wetransfer_moto-sporta-enduro-krekla-makets-drukai-hencis_2025-12-03_1712.zip,/uploads/wetransfer_moto-sporta-enduro-krekla-makets-drukai-hencis_2025-12-03_1712-04.12.25.zip,35167998,,2025-12-04T14:18:29.000Z,2025-12-04T14:18:29.000Z
171,REzeknes Lapsenes.cdr,/uploads/REzeknes_Lapsenes-09.01.26.cdr,18436173,,2026-01-09T11:08:04.000Z,2026-01-09T11:08:04.000Z
172,BAMS krekli_final.xlsx,/uploads/BAMS_krekli_final-13.01.26.xlsx,364756,368,2026-01-15T09:55:05.000Z,2026-01-13T13:03:22.000Z
173,BAMS POLO.cdr,/uploads/BAMS_POLO-13.01.26.cdr,4069491,368,2026-01-15T09:55:05.000Z,2026-01-13T13:03:54.000Z
181,FK OGRE KRASTINS.xlsx,/uploads/FK_OGRE_KRASTINS-16.01.26.xlsx,10123,376,2026-01-22T08:31:31.000Z,2026-01-16T11:28:24.000Z
182,FBK OGre 2025.cdr,/uploads/FBK_OGre_2025-16.01.26.cdr,2583260,376,2026-01-22T08:31:31.000Z,2026-01-16T11:28:35.000Z
183,BK PLAVAS 2026.cdr,/uploads/BK_PLAVAS_2026-19.01.26.cdr,4497382,378,2026-02-11T15:06:49.000Z,2026-01-19T14:25:01.000Z
184,KINGS AND QUEENS OFFER 2026 JAN.cdr,/uploads/KINGS_AND_QUEENS_OFFER_2026_JAN-19.01.26.cdr,2712032,378,2026-02-11T15:06:49.000Z,2026-01-19T14:25:57.000Z
185,GROZA HUDIJI.cdr,/uploads/GROZA_HUDIJI-19.01.26.cdr,6798724,378,2026-02-11T15:06:49.000Z,2026-01-19T14:26:49.000Z
186,Backup_of_hokejs_2025-X8_FANU_KREKLI (2).cdr,/uploads/Backup_of_hokejs_2025-X8_FANU_KREKLI__2_-19.01.26.cdr,27748977,,2026-01-19T14:26:58.000Z,2026-01-19T14:26:58.000Z
187,bikini pludmales volejbols.cdr,/uploads/bikini_pludmales_volejbols-19.01.26.cdr,10996183,378,2026-02-11T15:06:49.000Z,2026-01-19T14:27:04.000Z
188,JDK BUCINI BUKI HOKEJS.cdr,/uploads/JDK_BUCINI_BUKI_HOKEJS-19.01.26.cdr,23404956,378,2026-02-11T15:06:49.000Z,2026-01-19T14:27:36.000Z
189,JDK BUCINI BUKI HOKEJS.cdr,/uploads/JDK_BUCINI_BUKI_HOKEJS-19.01.26.cdr,23404956,378,2026-02-11T15:06:49.000Z,2026-01-19T14:28:04.000Z
190,bikini pludmales volejbols.cdr,/uploads/bikini_pludmales_volejbols-19.01.26.cdr,10996183,,2026-01-19T14:28:28.000Z,2026-01-19T14:28:28.000Z
191,MX_2k22 (2).cdr,/uploads/MX_2k22__2_-19.01.26.cdr,3386460,,2026-01-19T14:28:34.000Z,2026-01-19T14:28:34.000Z
192,GROZA HUDIJI.cdr,/uploads/GROZA_HUDIJI-19.01.26.cdr,6798724,,2026-01-19T14:28:46.000Z,2026-01-19T14:28:46.000Z
193,krekls-mx.cdr,/uploads/krekls-mx-19.01.26.cdr,11276093,,2026-01-19T14:29:09.000Z,2026-01-19T14:29:09.000Z
194,jekabpils abpusejie.cdr,/uploads/jekabpils_abpusejie-19.01.26.cdr,5078901,,2026-01-19T14:29:21.000Z,2026-01-19T14:29:21.000Z
195,DIKA HOKEJS E efimodal.cdr,/uploads/DIKA_HOKEJS_E_efimodal-19.01.26.cdr,2004293,,2026-01-19T14:29:26.000Z,2026-01-19T14:29:26.000Z
196,petja loose dirt crew.cdr,/uploads/petja_loose_dirt_crew-19.01.26.cdr,2607722,,2026-01-19T14:29:31.000Z,2026-01-19T14:29:31.000Z
197,RASTAFARI JAUNAIS.cdr,/uploads/RASTAFARI_JAUNAIS-19.01.26.cdr,8320784,,2026-01-19T14:29:47.000Z,2026-01-19T14:29:47.000Z
200,ikskile volejbols.cdr,/uploads/ikskile_volejbols-23.01.26.cdr,22822979,378,2026-02-11T15:06:49.000Z,2026-01-23T05:58:13.000Z
201,BK PLAVAS 2026.cdr,/uploads/BK_PLAVAS_2026-23.01.26.cdr,33378836,378,2026-02-11T15:06:49.000Z,2026-01-23T05:58:14.000Z
202,jekabpils abpusejie.cdr,/uploads/jekabpils_abpusejie-23.01.26.cdr,773022,378,2026-02-11T15:06:49.000Z,2026-01-23T05:58:20.000Z
203,aizkraukle audze.cdr,/uploads/aizkraukle_audze-23.01.26.cdr,2186910,378,2026-02-11T15:06:49.000Z,2026-01-23T05:58:28.000Z
204,HOKEJA KREKLI SIMPLE NEW.cdr,/uploads/HOKEJA_KREKLI_SIMPLE_NEW-23.01.26.cdr,2707934,378,2026-02-11T15:06:49.000Z,2026-01-23T05:59:00.000Z
205,Janis hokejs latvija.cdr,/uploads/Janis_hokejs_latvija-23.01.26.cdr,2307054,378,2026-02-11T15:06:49.000Z,2026-01-23T05:59:00.000Z
206,izmeru tabulas.xlsx,/uploads/izmeru_tabulas-23.01.26.xlsx,9126,378,2026-02-11T15:06:49.000Z,2026-01-23T05:59:00.000Z
207,BAMS _ PARTAISISANAS FAILS.xlsx,/uploads/BAMS___PARTAISISANAS_FAILS-23.01.26.xlsx,178006,378,2026-02-11T15:06:49.000Z,2026-01-23T05:59:00.000Z
208,POLO KREKLU LEKALI 2026 - ar labotu sieviesu apkakli.cdr,/uploads/POLO_KREKLU_LEKALI_2026_-_ar_labotu_sieviesu_apkakli-23.01.26.cdr,2697517,378,2026-02-11T15:06:49.000Z,2026-01-23T05:59:00.000Z
209,marupes gimanizija hokejs.cdr,/uploads/marupes_gimanizija_hokejs-23.01.26.cdr,5812199,378,2026-02-11T15:06:49.000Z,2026-01-23T05:59:01.000Z
210,HOKEJS SIMPLE.cdr,/uploads/HOKEJS_SIMPLE-23.01.26.cdr,4959519,378,2026-02-11T15:06:49.000Z,2026-01-23T05:59:02.000Z
211,Novuss Cesu Novads.cdr,/uploads/Novuss_Cesu_Novads-23.01.26.cdr,37590493,378,2026-02-11T15:06:49.000Z,2026-01-23T05:59:06.000Z
213,bikini pludmales volejbols.cdr,/uploads/bikini_pludmales_volejbols-28.01.26.cdr,9666687,389,2026-01-28T18:09:55.000Z,2026-01-28T18:06:59.000Z
215,izmēru aizpildīšanas forma_ADC Februaris 2026 FastBreak.xlsx,/uploads/izm_ru_aizpild__anas_forma_ADC_Februaris_2026_FastBreak-03.02.26.xlsx,10062,391,2026-02-03T10:47:46.000Z,2026-02-03T10:46:34.000Z
216,PURE.ai_un_1_cits_fails.zip,/uploads/PURE.ai_un_1_cits_fails-05.02.26.zip,688888,394,2026-02-09T12:14:01.000Z,2026-02-05T10:04:38.000Z
217,hoodie.webp,/uploads/hoodie-05.02.26.webp,2088690,394,2026-02-09T12:14:01.000Z,2026-02-05T10:15:43.000Z
218,tshirt-version-1.webp,/uploads/tshirt-version-1-05.02.26.webp,2804656,394,2026-02-09T12:14:01.000Z,2026-02-05T10:15:46.000Z
219,t-shirt-version-2.webp,/uploads/t-shirt-version-2-05.02.26.webp,836924,394,2026-02-09T12:14:01.000Z,2026-02-05T10:15:47.000Z
220,Pure-merch.webp,/uploads/Pure-merch-05.02.26.webp,186294,394,2026-02-09T12:14:01.000Z,2026-02-05T10:15:47.000Z
221,Fast 2023.pdf,/uploads/Fast_2023-06.02.26.pdf,281005,398,2026-02-06T08:37:15.000Z,2026-02-06T08:34:06.000Z
222,2111222-1k DWS (2).pdf,/uploads/2111222-1k_DWS__2_-09.02.26.pdf,84055,291,2026-02-09T13:45:09.000Z,2026-02-09T13:44:57.000Z
223,Hudijs rylotex.cdr,/uploads/Hudijs_rylotex-11.02.26.cdr,2072004,378,2026-02-11T15:06:49.000Z,2026-02-11T15:04:11.000Z
224,Cotton t-krekls rylotex.cdr,/uploads/Cotton_t-krekls_rylotex-11.02.26.cdr,28678031,378,2026-02-11T15:06:49.000Z,2026-02-11T15:04:39.000Z
225,T-krekls rylotex.cdr,/uploads/T-krekls_rylotex-11.02.26.cdr,6482040,378,2026-02-11T15:06:49.000Z,2026-02-11T15:04:47.000Z
226,vestes rylotex.cdr,/uploads/vestes_rylotex-11.02.26.cdr,5036426,378,2026-02-11T15:06:49.000Z,2026-02-11T15:04:52.000Z
227,MAKSKERNIEKU PROJEKTS SUNSHIELD.cdr,/uploads/MAKSKERNIEKU_PROJEKTS_SUNSHIELD-11.02.26.cdr,47928944,378,2026-02-11T15:06:49.000Z,2026-02-11T15:05:54.000Z
228,Vilx_ Ksistof Rokas Saulius Dainius Juozas Erika Galinis.pdf,/uploads/Vilx__Ksistof_Rokas_Saulius_Dainius_Juozas_Erika_Galinis-12.02.26.pdf,5681388,404,2026-02-12T08:12:33.000Z,2026-02-12T07:23:21.000Z
229,izmeri lietuvietim atributikos.cdr,/uploads/izmeri_lietuvietim_atributikos-12.02.26.cdr,1504263,404,2026-02-12T08:12:33.000Z,2026-02-12T08:10:58.000Z
230,Formas Jaunākais (1).xlsx,/uploads/Formas_Jauna_kais__1_-16.02.26.xlsx,10004,407,2026-02-16T12:36:02.000Z,2026-02-16T12:35:12.000Z
231,IMG_0985.jpeg_un_3_citi_faili.zip,/uploads/IMG_0985.jpeg_un_3_citi_faili-16.02.26.zip,114728853,408,2026-02-16T13:48:24.000Z,2026-02-16T13:23:52.000Z
232,LIELVARDE 2025 dizains jaunais.cdr,/uploads/LIELVARDE_2025_dizains_jaunais-16.02.26.cdr,25405811,409,2026-02-17T07:37:28.000Z,2026-02-16T13:58:16.000Z
233,Radomir Tinkov - Gilroy-SemiBold.otf,/uploads/Radomir_Tinkov_-_Gilroy-SemiBold-17.02.26.otf,55212,390,2026-02-17T08:41:18.000Z,2026-02-17T07:38:54.000Z
234,Logo tet.zip,/uploads/Logo_tet-17.02.26.zip,956407,390,2026-02-17T08:41:18.000Z,2026-02-17T07:39:32.000Z
235,Tet-krasas.png,/uploads/Tet-krasas-17.02.26.png,134352,390,2026-02-17T08:41:18.000Z,2026-02-17T07:41:24.000Z
236,v2.png,/uploads/v2-17.02.26.png,373486,390,2026-02-17T08:41:18.000Z,2026-02-17T07:41:24.000Z
237,krekli (Autosaved).xlsx,/uploads/krekli__Autosaved_-17.02.26.xlsx,8938,362,2026-02-17T13:33:57.000Z,2026-02-17T13:33:53.000Z
238,Bestellung Frühjahr 2026.xlsx,/uploads/Bestellung_Fr_hjahr_2026-18.02.26.xlsx,20067,412,2026-02-18T14:10:49.000Z,2026-02-18T14:10:45.000Z